Country,Year,Gender,MortalityRate,Region,SubRegion,Latitude,Longitude
Afghanistan,2016,Both sexes,13.92,Asia,Southern Asia,33.0,65.0
Afghanistan,2016,Male,12.61,Asia,Southern Asia,33.0,65.0
Afghanistan,2016,Female,15.31,Asia,Southern Asia,33.0,65.0
Albania,2016,Both sexes,0.17,Europe,Southern Europe,41.0,20.0
Albania,2016,Male,0.21,Europe,Southern Europe,41.0,20.0
Albania,2016,Female,0.13,Europe,Southern Europe,41.0,20.0
Algeria,2016,Both sexes,1.87,Africa,Northern Africa,28.0,3.0
Algeria,2016,Male,1.73,Africa,Northern Africa,28.0,3.0
Algeria,2016,Female,2.01,Africa,Northern Africa,28.0,3.0
Angola,2016,Both sexes,48.81,Africa,Sub-Saharan Africa,-12.5,18.5
Angola,2016,Male,52.63,Africa,Sub-Saharan Africa,-12.5,18.5
Angola,2016,Female,45.15,Africa,Sub-Saharan Africa,-12.5,18.5
Antigua and Barbuda,2016,Both sexes,0.11,Americas,Latin America and the Caribbean,17.05,-61.8
Antigua and Barbuda,2016,Male,0.12,Americas,Latin America and the Caribbean,17.05,-61.8
Antigua and Barbuda,2016,Female,0.1,Americas,Latin America and the Caribbean,17.05,-61.8
Argentina,2016,Both sexes,0.36,Americas,Latin America and the Caribbean,-34.0,-64.0
Argentina,2016,Male,0.32,Americas,Latin America and the Caribbean,-34.0,-64.0
Argentina,2016,Female,0.4,Americas,Latin America and the Caribbean,-34.0,-64.0
Armenia,2016,Both sexes,0.18,Asia,Western Asia,40.0,45.0
Armenia,2016,Male,0.19,Asia,Western Asia,40.0,45.0
Armenia,2016,Female,0.16,Asia,Western Asia,40.0,45.0
Australia,2016,Both sexes,0.095,Oceania,Australia and New Zealand,-27.0,133.0
Australia,2016,Male,0.071,Oceania,Australia and New Zealand,-27.0,133.0
Australia,2016,Female,0.12,Oceania,Australia and New Zealand,-27.0,133.0
Austria,2016,Both sexes,0.12,Europe,Western Europe,47.33,13.33
Austria,2016,Male,0.095,Europe,Western Europe,47.33,13.33
Austria,2016,Female,0.15,Europe,Western Europe,47.33,13.33
Azerbaijan,2016,Both sexes,1.12,Asia,Western Asia,40.5,47.5
Azerbaijan,2016,Male,1.29,Asia,Western Asia,40.5,47.5
Azerbaijan,2016,Female,0.96,Asia,Western Asia,40.5,47.5
Bahamas,2016,Both sexes,0.069,Americas,Latin America and the Caribbean,24.25,-76.0
Bahamas,2016,Male,0.07,Americas,Latin America and the Caribbean,24.25,-76.0
Bahamas,2016,Female,0.067,Americas,Latin America and the Caribbean,24.25,-76.0
Bahrain,2016,Both sexes,0.04,Asia,Western Asia,26.0,50.55
Bahrain,2016,Male,0.034,Asia,Western Asia,26.0,50.55
Bahrain,2016,Female,0.048,Asia,Western Asia,26.0,50.55
Bangladesh,2016,Both sexes,11.94,Asia,Southern Asia,24.0,90.0
Bangladesh,2016,Male,10.09,Asia,Southern Asia,24.0,90.0
Bangladesh,2016,Female,13.83,Asia,Southern Asia,24.0,90.0
Barbados,2016,Both sexes,0.16,Americas,Latin America and the Caribbean,13.17,-59.53
Barbados,2016,Male,0.093,Americas,Latin America and the Caribbean,13.17,-59.53
Barbados,2016,Female,0.23,Americas,Latin America and the Caribbean,13.17,-59.53
Belarus,2016,Both sexes,0.052,Europe,Eastern Europe,53.0,28.0
Belarus,2016,Male,0.05,Europe,Eastern Europe,53.0,28.0
Belarus,2016,Female,0.053,Europe,Eastern Europe,53.0,28.0
Belgium,2016,Both sexes,0.28,Europe,Western Europe,50.83,4.0
Belgium,2016,Male,0.21,Europe,Western Europe,50.83,4.0
Belgium,2016,Female,0.35,Europe,Western Europe,50.83,4.0
Belize,2016,Both sexes,0.97,Americas,Latin America and the Caribbean,17.25,-88.75
Belize,2016,Male,1.04,Americas,Latin America and the Caribbean,17.25,-88.75
Belize,2016,Female,0.89,Americas,Latin America and the Caribbean,17.25,-88.75
Benin,2016,Both sexes,59.73,Africa,Sub-Saharan Africa,9.5,2.25
Benin,2016,Male,65.13,Africa,Sub-Saharan Africa,9.5,2.25
Benin,2016,Female,54.36,Africa,Sub-Saharan Africa,9.5,2.25
Bhutan,2016,Both sexes,3.95,Asia,Southern Asia,27.5,90.5
Bhutan,2016,Male,3.4,Asia,Southern Asia,27.5,90.5
Bhutan,2016,Female,4.57,Asia,Southern Asia,27.5,90.5
Botswana,2016,Both sexes,11.77,Africa,Sub-Saharan Africa,-22.0,24.0
Botswana,2016,Male,11.2,Africa,Sub-Saharan Africa,-22.0,24.0
Botswana,2016,Female,12.32,Africa,Sub-Saharan Africa,-22.0,24.0
Brazil,2016,Both sexes,1.05,Americas,Latin America and the Caribbean,-10.0,-55.0
Brazil,2016,Male,0.97,Americas,Latin America and the Caribbean,-10.0,-55.0
Brazil,2016,Female,1.12,Americas,Latin America and the Caribbean,-10.0,-55.0
Brunei Darussalam,2016,Both sexes,0.045,Asia,South-eastern Asia,4.5,114.67
Brunei Darussalam,2016,Male,0.046,Asia,South-eastern Asia,4.5,114.67
Brunei Darussalam,2016,Female,0.044,Asia,South-eastern Asia,4.5,114.67
Bulgaria,2016,Both sexes,0.13,Europe,Eastern Europe,43.0,25.0
Bulgaria,2016,Male,0.12,Europe,Eastern Europe,43.0,25.0
Bulgaria,2016,Female,0.14,Europe,Eastern Europe,43.0,25.0
Burkina Faso,2016,Both sexes,49.64,Africa,Sub-Saharan Africa,13.0,-2.0
Burkina Faso,2016,Male,45.52,Africa,Sub-Saharan Africa,13.0,-2.0
Burkina Faso,2016,Female,53.74,Africa,Sub-Saharan Africa,13.0,-2.0
Burundi,2016,Both sexes,65.4,Africa,Sub-Saharan Africa,-3.5,30.0
Burundi,2016,Male,63.99,Africa,Sub-Saharan Africa,-3.5,30.0
Burundi,2016,Female,66.77,Africa,Sub-Saharan Africa,-3.5,30.0
Cambodia,2016,Both sexes,6.47,Asia,South-eastern Asia,13.0,105.0
Cambodia,2016,Male,6.62,Asia,South-eastern Asia,13.0,105.0
Cambodia,2016,Female,6.33,Asia,South-eastern Asia,13.0,105.0
Cameroon,2016,Both sexes,45.15,Africa,Sub-Saharan Africa,6.0,12.0
Cameroon,2016,Male,46.17,Africa,Sub-Saharan Africa,6.0,12.0
Cameroon,2016,Female,44.14,Africa,Sub-Saharan Africa,6.0,12.0
Canada,2016,Both sexes,0.37,Americas,Northern America,60.0,-95.0
Canada,2016,Male,0.29,Americas,Northern America,60.0,-95.0
Canada,2016,Female,0.45,Americas,Northern America,60.0,-95.0
Central African Republic,2016,Both sexes,82.11,Africa,Sub-Saharan Africa,7.0,21.0
Central African Republic,2016,Male,89.69,Africa,Sub-Saharan Africa,7.0,21.0
Central African Republic,2016,Female,74.74,Africa,Sub-Saharan Africa,7.0,21.0
Chad,2016,Both sexes,101.0,Africa,Sub-Saharan Africa,15.0,19.0
Chad,2016,Male,100.0,Africa,Sub-Saharan Africa,15.0,19.0
Chad,2016,Female,95.0,Africa,Sub-Saharan Africa,15.0,19.0
Chile,2016,Both sexes,0.2,Americas,Latin America and the Caribbean,-30.0,-71.0
Chile,2016,Male,0.17,Americas,Latin America and the Caribbean,-30.0,-71.0
Chile,2016,Female,0.23,Americas,Latin America and the Caribbean,-30.0,-71.0
China,2016,Both sexes,0.58,Asia,Eastern Asia,35.0,105.0
China,2016,Male,0.5,Asia,Eastern Asia,35.0,105.0
China,2016,Female,0.66,Asia,Eastern Asia,35.0,105.0
Colombia,2016,Both sexes,0.75,Americas,Latin America and the Caribbean,4.0,-72.0
Colombia,2016,Male,0.73,Americas,Latin America and the Caribbean,4.0,-72.0
Colombia,2016,Female,0.77,Americas,Latin America and the Caribbean,4.0,-72.0
Comoros,2016,Both sexes,50.74,Africa,Sub-Saharan Africa,-12.17,44.25
Comoros,2016,Male,51.13,Africa,Sub-Saharan Africa,-12.17,44.25
Comoros,2016,Female,50.34,Africa,Sub-Saharan Africa,-12.17,44.25
Congo,2016,Both sexes,38.71,Africa,Sub-Saharan Africa,-1.0,15.0
Congo,2016,Male,43.52,Africa,Sub-Saharan Africa,-1.0,15.0
Congo,2016,Female,33.89,Africa,Sub-Saharan Africa,-1.0,15.0
Costa Rica,2016,Both sexes,0.86,Americas,Latin America and the Caribbean,10.0,-84.0
Costa Rica,2016,Male,0.7,Americas,Latin America and the Caribbean,10.0,-84.0
Costa Rica,2016,Female,1.03,Americas,Latin America and the Caribbean,10.0,-84.0
Croatia,2016,Both sexes,0.11,Europe,Southern Europe,45.17,15.5
Croatia,2016,Male,0.08,Europe,Southern Europe,45.17,15.5
Croatia,2016,Female,0.14,Europe,Southern Europe,45.17,15.5
Cuba,2016,Both sexes,1.03,Americas,Latin America and the Caribbean,21.5,-80.0
Cuba,2016,Male,1.0,Americas,Latin America and the Caribbean,21.5,-80.0
Cuba,2016,Female,1.05,Americas,Latin America and the Caribbean,21.5,-80.0
Cyprus,2016,Both sexes,0.28,Asia,Western Asia,35.0,33.0
Cyprus,2016,Male,0.29,Asia,Western Asia,35.0,33.0
Cyprus,2016,Female,0.27,Asia,Western Asia,35.0,33.0
Denmark,2016,Both sexes,0.31,Europe,Northern Europe,56.0,10.0
Denmark,2016,Male,0.19,Europe,Northern Europe,56.0,10.0
Denmark,2016,Female,0.42,Europe,Northern Europe,56.0,10.0
Djibouti,2016,Both sexes,31.29,Africa,Sub-Saharan Africa,11.5,43.0
Djibouti,2016,Male,29.36,Africa,Sub-Saharan Africa,11.5,43.0
Djibouti,2016,Female,33.23,Africa,Sub-Saharan Africa,11.5,43.0
Dominican Republic,2016,Both sexes,2.21,Americas,Latin America and the Caribbean,19.0,-70.67
Dominican Republic,2016,Male,2.22,Americas,Latin America and the Caribbean,19.0,-70.67
Dominican Republic,2016,Female,2.19,Americas,Latin America and the Caribbean,19.0,-70.67
Ecuador,2016,Both sexes,0.64,Americas,Latin America and the Caribbean,-2.0,-77.5
Ecuador,2016,Male,0.63,Americas,Latin America and the Caribbean,-2.0,-77.5
Ecuador,2016,Female,0.66,Americas,Latin America and the Caribbean,-2.0,-77.5
Egypt,2016,Both sexes,2.0,Africa,Northern Africa,27.0,30.0
Egypt,2016,Male,1.82,Africa,Northern Africa,27.0,30.0
Egypt,2016,Female,2.19,Africa,Northern Africa,27.0,30.0
El Salvador,2016,Both sexes,2.01,Americas,Latin America and the Caribbean,13.83,-88.92
El Salvador,2016,Male,2.42,Americas,Latin America and the Caribbean,13.83,-88.92
El Salvador,2016,Female,1.64,Americas,Latin America and the Caribbean,13.83,-88.92
Equatorial Guinea,2016,Both sexes,22.29,Africa,Sub-Saharan Africa,2.0,10.0
Equatorial Guinea,2016,Male,20.95,Africa,Sub-Saharan Africa,2.0,10.0
Equatorial Guinea,2016,Female,23.94,Africa,Sub-Saharan Africa,2.0,10.0
Eritrea,2016,Both sexes,45.56,Africa,Sub-Saharan Africa,15.0,39.0
Eritrea,2016,Male,47.61,Africa,Sub-Saharan Africa,15.0,39.0
Eritrea,2016,Female,43.51,Africa,Sub-Saharan Africa,15.0,39.0
Estonia,2016,Both sexes,0.006,Europe,Northern Europe,59.0,26.0
Estonia,2016,Male,0.009,Europe,Northern Europe,59.0,26.0
Estonia,2016,Female,0.004,Europe,Northern Europe,59.0,26.0
Ethiopia,2016,Both sexes,43.66,Africa,Sub-Saharan Africa,8.0,38.0
Ethiopia,2016,Male,46.53,Africa,Sub-Saharan Africa,8.0,38.0
Ethiopia,2016,Female,40.81,Africa,Sub-Saharan Africa,8.0,38.0
Fiji,2016,Both sexes,2.89,Oceania,Melanesia,-18.0,175.0
Fiji,2016,Male,3.52,Oceania,Melanesia,-18.0,175.0
Fiji,2016,Female,2.23,Oceania,Melanesia,-18.0,175.0
Finland,2016,Both sexes,0.036,Europe,Northern Europe,64.0,26.0
Finland,2016,Male,0.034,Europe,Northern Europe,64.0,26.0
Finland,2016,Female,0.038,Europe,Northern Europe,64.0,26.0
France,2016,Both sexes,0.27,Europe,Western Europe,46.0,2.0
France,2016,Male,0.2,Europe,Western Europe,46.0,2.0
France,2016,Female,0.32,Europe,Western Europe,46.0,2.0
Gabon,2016,Both sexes,20.58,Africa,Sub-Saharan Africa,-1.0,11.75
Gabon,2016,Male,22.46,Africa,Sub-Saharan Africa,-1.0,11.75
Gabon,2016,Female,18.59,Africa,Sub-Saharan Africa,-1.0,11.75
Gambia,2016,Both sexes,29.66,Africa,Sub-Saharan Africa,13.47,-16.57
Gambia,2016,Male,30.9,Africa,Sub-Saharan Africa,13.47,-16.57
Gambia,2016,Female,28.44,Africa,Sub-Saharan Africa,13.47,-16.57
Georgia,2016,Both sexes,0.18,Asia,Western Asia,42.0,43.5
Georgia,2016,Male,0.19,Asia,Western Asia,42.0,43.5
Georgia,2016,Female,0.17,Asia,Western Asia,42.0,43.5
Germany,2016,Both sexes,0.59,Europe,Western Europe,51.0,9.0
Germany,2016,Male,0.45,Europe,Western Europe,51.0,9.0
Germany,2016,Female,0.72,Europe,Western Europe,51.0,9.0
Ghana,2016,Both sexes,18.84,Africa,Sub-Saharan Africa,8.0,-2.0
Ghana,2016,Male,18.23,Africa,Sub-Saharan Africa,8.0,-2.0
Ghana,2016,Female,19.43,Africa,Sub-Saharan Africa,8.0,-2.0
Greece,2016,Both sexes,0.037,Europe,Southern Europe,39.0,22.0
Greece,2016,Male,0.021,Europe,Southern Europe,39.0,22.0
Greece,2016,Female,0.053,Europe,Southern Europe,39.0,22.0
Grenada,2016,Both sexes,0.34,Americas,Latin America and the Caribbean,12.12,-61.67
Grenada,2016,Male,0.67,Americas,Latin America and the Caribbean,12.12,-61.67
Grenada,2016,Female,0.015,Americas,Latin America and the Caribbean,12.12,-61.67
Guatemala,2016,Both sexes,6.3,Americas,Latin America and the Caribbean,15.5,-90.25
Guatemala,2016,Male,6.62,Americas,Latin America and the Caribbean,15.5,-90.25
Guatemala,2016,Female,5.99,Americas,Latin America and the Caribbean,15.5,-90.25
Guinea,2016,Both sexes,44.63,Africa,Sub-Saharan Africa,11.0,-10.0
Guinea,2016,Male,48.28,Africa,Sub-Saharan Africa,11.0,-10.0
Guinea,2016,Female,40.97,Africa,Sub-Saharan Africa,11.0,-10.0
Guyana,2016,Both sexes,3.65,Americas,Latin America and the Caribbean,5.0,-59.0
Guyana,2016,Male,4.11,Americas,Latin America and the Caribbean,5.0,-59.0
Guyana,2016,Female,3.18,Americas,Latin America and the Caribbean,5.0,-59.0
Haiti,2016,Both sexes,23.79,Americas,Latin America and the Caribbean,19.0,-72.42
Haiti,2016,Male,27.53,Americas,Latin America and the Caribbean,19.0,-72.42
Haiti,2016,Female,20.13,Americas,Latin America and the Caribbean,19.0,-72.42
Honduras,2016,Both sexes,3.62,Americas,Latin America and the Caribbean,15.0,-86.5
Honduras,2016,Male,3.41,Americas,Latin America and the Caribbean,15.0,-86.5
Honduras,2016,Female,3.82,Americas,Latin America and the Caribbean,15.0,-86.5
Hungary,2016,Both sexes,0.24,Europe,Eastern Europe,47.0,20.0
Hungary,2016,Male,0.18,Europe,Eastern Europe,47.0,20.0
Hungary,2016,Female,0.3,Europe,Eastern Europe,47.0,20.0
Iceland,2016,Both sexes,0.1,Europe,Northern Europe,65.0,-18.0
Iceland,2016,Male,0.091,Europe,Northern Europe,65.0,-18.0
Iceland,2016,Female,0.12,Europe,Northern Europe,65.0,-18.0
India,2016,Both sexes,18.58,Asia,Southern Asia,20.0,77.0
India,2016,Male,15.89,Asia,Southern Asia,20.0,77.0
India,2016,Female,21.48,Asia,Southern Asia,20.0,77.0
Indonesia,2016,Both sexes,7.06,Asia,South-eastern Asia,-5.0,120.0
Indonesia,2016,Male,6.28,Asia,South-eastern Asia,-5.0,120.0
Indonesia,2016,Female,7.84,Asia,South-eastern Asia,-5.0,120.0
Iraq,2016,Both sexes,3.03,Asia,Western Asia,33.0,44.0
Iraq,2016,Male,3.76,Asia,Western Asia,33.0,44.0
Iraq,2016,Female,2.3,Asia,Western Asia,33.0,44.0
Ireland,2016,Both sexes,0.074,Europe,Northern Europe,53.0,-8.0
Ireland,2016,Male,0.049,Europe,Northern Europe,53.0,-8.0
Ireland,2016,Female,0.099,Europe,Northern Europe,53.0,-8.0
Israel,2016,Both sexes,0.25,Asia,Western Asia,31.5,34.75
Israel,2016,Male,0.21,Asia,Western Asia,31.5,34.75
Israel,2016,Female,0.28,Asia,Western Asia,31.5,34.75
Italy,2016,Both sexes,0.14,Europe,Southern Europe,42.83,12.83
Italy,2016,Male,0.1,Europe,Southern Europe,42.83,12.83
Italy,2016,Female,0.17,Europe,Southern Europe,42.83,12.83
Jamaica,2016,Both sexes,0.61,Americas,Latin America and the Caribbean,18.25,-77.5
Jamaica,2016,Male,0.65,Americas,Latin America and the Caribbean,18.25,-77.5
Jamaica,2016,Female,0.57,Americas,Latin America and the Caribbean,18.25,-77.5
Japan,2016,Both sexes,0.17,Asia,Eastern Asia,36.0,138.0
Japan,2016,Male,0.14,Asia,Eastern Asia,36.0,138.0
Japan,2016,Female,0.19,Asia,Eastern Asia,36.0,138.0
Jordan,2016,Both sexes,0.63,Asia,Western Asia,31.0,36.0
Jordan,2016,Male,0.47,Asia,Western Asia,31.0,36.0
Jordan,2016,Female,0.79,Asia,Western Asia,31.0,36.0
Kazakhstan,2016,Both sexes,0.38,Asia,Central Asia,48.0,68.0
Kazakhstan,2016,Male,0.38,Asia,Central Asia,48.0,68.0
Kazakhstan,2016,Female,0.39,Asia,Central Asia,48.0,68.0
Kenya,2016,Both sexes,51.15,Africa,Sub-Saharan Africa,1.0,38.0
Kenya,2016,Male,52.64,Africa,Sub-Saharan Africa,1.0,38.0
Kenya,2016,Female,49.69,Africa,Sub-Saharan Africa,1.0,38.0
Kiribati,2016,Both sexes,16.66,Oceania,Micronesia,1.42,173.0
Kiribati,2016,Male,13.53,Oceania,Micronesia,1.42,173.0
Kiribati,2016,Female,19.7,Oceania,Micronesia,1.42,173.0
Kuwait,2016,Both sexes,0.012,Asia,Western Asia,29.34,47.66
Kuwait,2016,Male,0.015,Asia,Western Asia,29.34,47.66
Kuwait,2016,Female,0.009,Asia,Western Asia,29.34,47.66
Kyrgyzstan,2016,Both sexes,0.78,Asia,Central Asia,41.0,75.0
Kyrgyzstan,2016,Male,0.82,Asia,Central Asia,41.0,75.0
Kyrgyzstan,2016,Female,0.73,Asia,Central Asia,41.0,75.0
Latvia,2016,Both sexes,0.021,Europe,Northern Europe,57.0,25.0
Latvia,2016,Male,0.016,Europe,Northern Europe,57.0,25.0
Latvia,2016,Female,0.025,Europe,Northern Europe,57.0,25.0
Lebanon,2016,Both sexes,0.79,Asia,Western Asia,33.83,35.83
Lebanon,2016,Male,0.71,Asia,Western Asia,33.83,35.83
Lebanon,2016,Female,0.87,Asia,Western Asia,33.83,35.83
Lesotho,2016,Both sexes,44.36,Africa,Sub-Saharan Africa,-29.5,28.5
Lesotho,2016,Male,38.55,Africa,Sub-Saharan Africa,-29.5,28.5
Lesotho,2016,Female,49.83,Africa,Sub-Saharan Africa,-29.5,28.5
Liberia,2016,Both sexes,41.54,Africa,Sub-Saharan Africa,6.5,-9.5
Liberia,2016,Male,43.53,Africa,Sub-Saharan Africa,6.5,-9.5
Liberia,2016,Female,39.52,Africa,Sub-Saharan Africa,6.5,-9.5
Lithuania,2016,Both sexes,0.081,Europe,Northern Europe,56.0,24.0
Lithuania,2016,Male,0.087,Europe,Northern Europe,56.0,24.0
Lithuania,2016,Female,0.075,Europe,Northern Europe,56.0,24.0
Luxembourg,2016,Both sexes,0.049,Europe,Western Europe,49.75,6.17
Luxembourg,2016,Male,0.035,Europe,Western Europe,49.75,6.17
Luxembourg,2016,Female,0.062,Europe,Western Europe,49.75,6.17
Madagascar,2016,Both sexes,30.23,Africa,Sub-Saharan Africa,-20.0,47.0
Madagascar,2016,Male,30.79,Africa,Sub-Saharan Africa,-20.0,47.0
Madagascar,2016,Female,29.67,Africa,Sub-Saharan Africa,-20.0,47.0
Malawi,2016,Both sexes,28.29,Africa,Sub-Saharan Africa,-13.5,34.0
Malawi,2016,Male,29.1,Africa,Sub-Saharan Africa,-13.5,34.0
Malawi,2016,Female,27.49,Africa,Sub-Saharan Africa,-13.5,34.0
Malaysia,2016,Both sexes,0.42,Asia,South-eastern Asia,2.5,112.5
Malaysia,2016,Male,0.39,Asia,South-eastern Asia,2.5,112.5
Malaysia,2016,Female,0.45,Asia,South-eastern Asia,2.5,112.5
Maldives,2016,Both sexes,0.31,Asia,Southern Asia,3.25,73.0
Maldives,2016,Male,0.37,Asia,Southern Asia,3.25,73.0
Maldives,2016,Female,0.23,Asia,Southern Asia,3.25,73.0
Mali,2016,Both sexes,70.72,Africa,Sub-Saharan Africa,17.0,-4.0
Mali,2016,Male,70.36,Africa,Sub-Saharan Africa,17.0,-4.0
Mali,2016,Female,71.08,Africa,Sub-Saharan Africa,17.0,-4.0
Malta,2016,Both sexes,0.033,Europe,Southern Europe,35.83,14.58
Malta,2016,Male,0.012,Europe,Southern Europe,35.83,14.58
Malta,2016,Female,0.055,Europe,Southern Europe,35.83,14.58
Mauritania,2016,Both sexes,38.57,Africa,Sub-Saharan Africa,20.0,-12.0
Mauritania,2016,Male,40.65,Africa,Sub-Saharan Africa,20.0,-12.0
Mauritania,2016,Female,36.45,Africa,Sub-Saharan Africa,20.0,-12.0
Mauritius,2016,Both sexes,0.59,Africa,Sub-Saharan Africa,-20.28,57.55
Mauritius,2016,Male,0.74,Africa,Sub-Saharan Africa,-20.28,57.55
Mauritius,2016,Female,0.44,Africa,Sub-Saharan Africa,-20.28,57.55
Mexico,2016,Both sexes,1.06,Americas,Latin America and the Caribbean,23.0,-102.0
Mexico,2016,Male,1.0,Americas,Latin America and the Caribbean,23.0,-102.0
Mexico,2016,Female,1.11,Americas,Latin America and the Caribbean,23.0,-102.0
Mongolia,2016,Both sexes,1.29,Asia,Eastern Asia,46.0,105.0
Mongolia,2016,Male,1.8,Asia,Eastern Asia,46.0,105.0
Mongolia,2016,Female,0.79,Asia,Eastern Asia,46.0,105.0
Montenegro,2016,Both sexes,0.025,Europe,Southern Europe,42.0,19.0
Montenegro,2016,Male,0.029,Europe,Southern Europe,42.0,19.0
Montenegro,2016,Female,0.022,Europe,Southern Europe,42.0,19.0
Morocco,2016,Both sexes,1.9,Africa,Northern Africa,32.0,-5.0
Morocco,2016,Male,1.83,Africa,Northern Africa,32.0,-5.0
Morocco,2016,Female,1.98,Africa,Northern Africa,32.0,-5.0
Mozambique,2016,Both sexes,27.63,Africa,Sub-Saharan Africa,-18.25,35.0
Mozambique,2016,Male,28.23,Africa,Sub-Saharan Africa,-18.25,35.0
Mozambique,2016,Female,27.05,Africa,Sub-Saharan Africa,-18.25,35.0
Myanmar,2016,Both sexes,12.62,Asia,South-eastern Asia,22.0,98.0
Myanmar,2016,Male,13.06,Asia,South-eastern Asia,22.0,98.0
Myanmar,2016,Female,12.2,Asia,South-eastern Asia,22.0,98.0
Namibia,2016,Both sexes,18.32,Africa,Sub-Saharan Africa,-22.0,17.0
Namibia,2016,Male,18.37,Africa,Sub-Saharan Africa,-22.0,17.0
Namibia,2016,Female,18.27,Africa,Sub-Saharan Africa,-22.0,17.0
Nepal,2016,Both sexes,19.83,Asia,Southern Asia,28.0,84.0
Nepal,2016,Male,14.95,Asia,Southern Asia,28.0,84.0
Nepal,2016,Female,24.43,Asia,Southern Asia,28.0,84.0
Netherlands,2016,Both sexes,0.24,Europe,Western Europe,52.5,5.75
Netherlands,2016,Male,0.19,Europe,Western Europe,52.5,5.75
Netherlands,2016,Female,0.29,Europe,Western Europe,52.5,5.75
New Zealand,2016,Both sexes,0.15,Oceania,Australia and New Zealand,-41.0,174.0
New Zealand,2016,Male,0.1,Oceania,Australia and New Zealand,-41.0,174.0
New Zealand,2016,Female,0.19,Oceania,Australia and New Zealand,-41.0,174.0
Nicaragua,2016,Both sexes,2.24,Americas,Latin America and the Caribbean,13.0,-85.0
Nicaragua,2016,Male,2.45,Americas,Latin America and the Caribbean,13.0,-85.0
Nicaragua,2016,Female,2.05,Americas,Latin America and the Caribbean,13.0,-85.0
Niger,2016,Both sexes,70.81,Africa,Sub-Saharan Africa,16.0,8.0
Niger,2016,Male,74.66,Africa,Sub-Saharan Africa,16.0,8.0
Niger,2016,Female,66.95,Africa,Sub-Saharan Africa,16.0,8.0
Nigeria,2016,Both sexes,68.63,Africa,Sub-Saharan Africa,10.0,8.0
Nigeria,2016,Male,71.58,Africa,Sub-Saharan Africa,10.0,8.0
Nigeria,2016,Female,65.59,Africa,Sub-Saharan Africa,10.0,8.0
Norway,2016,Both sexes,0.21,Europe,Northern Europe,62.0,10.0
Norway,2016,Male,0.17,Europe,Northern Europe,62.0,10.0
Norway,2016,Female,0.26,Europe,Northern Europe,62.0,10.0
Oman,2016,Both sexes,0.046,Asia,Western Asia,21.0,57.0
Oman,2016,Male,0.045,Asia,Western Asia,21.0,57.0
Oman,2016,Female,0.047,Asia,Western Asia,21.0,57.0
Pakistan,2016,Both sexes,19.59,Asia,Southern Asia,30.0,70.0
Pakistan,2016,Male,15.99,Asia,Southern Asia,30.0,70.0
Pakistan,2016,Female,23.39,Asia,Southern Asia,30.0,70.0
Panama,2016,Both sexes,1.9,Americas,Latin America and the Caribbean,9.0,-80.0
Panama,2016,Male,2.06,Americas,Latin America and the Caribbean,9.0,-80.0
Panama,2016,Female,1.73,Americas,Latin America and the Caribbean,9.0,-80.0
Papua New Guinea,2016,Both sexes,16.31,Oceania,Melanesia,-6.0,147.0
Papua New Guinea,2016,Male,14.62,Oceania,Melanesia,-6.0,147.0
Papua New Guinea,2016,Female,18.05,Oceania,Melanesia,-6.0,147.0
Paraguay,2016,Both sexes,1.46,Americas,Latin America and the Caribbean,-23.0,-58.0
Paraguay,2016,Male,1.43,Americas,Latin America and the Caribbean,-23.0,-58.0
Paraguay,2016,Female,1.5,Americas,Latin America and the Caribbean,-23.0,-58.0
Peru,2016,Both sexes,1.28,Americas,Latin America and the Caribbean,-10.0,-76.0
Peru,2016,Male,1.32,Americas,Latin America and the Caribbean,-10.0,-76.0
Peru,2016,Female,1.24,Americas,Latin America and the Caribbean,-10.0,-76.0
Philippines,2016,Both sexes,4.19,Asia,South-eastern Asia,13.0,122.0
Philippines,2016,Male,4.78,Asia,South-eastern Asia,13.0,122.0
Philippines,2016,Female,3.6,Asia,South-eastern Asia,13.0,122.0
Poland,2016,Both sexes,0.091,Europe,Eastern Europe,52.0,20.0
Poland,2016,Male,0.071,Europe,Eastern Europe,52.0,20.0
Poland,2016,Female,0.11,Europe,Eastern Europe,52.0,20.0
Portugal,2016,Both sexes,0.15,Europe,Southern Europe,39.5,-8.0
Portugal,2016,Male,0.11,Europe,Southern Europe,39.5,-8.0
Portugal,2016,Female,0.19,Europe,Southern Europe,39.5,-8.0
Qatar,2016,Both sexes,0.008,Asia,Western Asia,25.5,51.25
Qatar,2016,Male,0.006,Asia,Western Asia,25.5,51.25
Qatar,2016,Female,0.014,Asia,Western Asia,25.5,51.25
Romania,2016,Both sexes,0.36,Europe,Eastern Europe,46.0,25.0
Romania,2016,Male,0.33,Europe,Eastern Europe,46.0,25.0
Romania,2016,Female,0.4,Europe,Eastern Europe,46.0,25.0
Rwanda,2016,Both sexes,19.35,Africa,Sub-Saharan Africa,-2.0,30.0
Rwanda,2016,Male,19.15,Africa,Sub-Saharan Africa,-2.0,30.0
Rwanda,2016,Female,19.54,Africa,Sub-Saharan Africa,-2.0,30.0
Saint Lucia,2016,Both sexes,0.63,Americas,Latin America and the Caribbean,13.88,-61.13
Saint Lucia,2016,Male,1.01,Americas,Latin America and the Caribbean,13.88,-61.13
Saint Lucia,2016,Female,0.27,Americas,Latin America and the Caribbean,13.88,-61.13
Saint Vincent and the Grenadines,2016,Both sexes,1.33,Americas,Latin America and the Caribbean,13.25,-61.2
Saint Vincent and the Grenadines,2016,Male,1.41,Americas,Latin America and the Caribbean,13.25,-61.2
Saint Vincent and the Grenadines,2016,Female,1.26,Americas,Latin America and the Caribbean,13.25,-61.2
Samoa,2016,Both sexes,1.49,Oceania,Polynesia,-13.58,-172.33
Samoa,2016,Male,1.48,Oceania,Polynesia,-13.58,-172.33
Samoa,2016,Female,1.5,Oceania,Polynesia,-13.58,-172.33
Sao Tome and Principe,2016,Both sexes,11.36,Africa,Sub-Saharan Africa,1.0,7.0
Sao Tome and Principe,2016,Male,10.97,Africa,Sub-Saharan Africa,1.0,7.0
Sao Tome and Principe,2016,Female,11.75,Africa,Sub-Saharan Africa,1.0,7.0
Saudi Arabia,2016,Both sexes,0.092,Asia,Western Asia,25.0,45.0
Saudi Arabia,2016,Male,0.075,Asia,Western Asia,25.0,45.0
Saudi Arabia,2016,Female,0.11,Asia,Western Asia,25.0,45.0
Senegal,2016,Both sexes,23.87,Africa,Sub-Saharan Africa,14.0,-14.0
Senegal,2016,Male,25.86,Africa,Sub-Saharan Africa,14.0,-14.0
Senegal,2016,Female,21.95,Africa,Sub-Saharan Africa,14.0,-14.0
Serbia,2016,Both sexes,0.74,Europe,Southern Europe,44.0,21.0
Serbia,2016,Male,0.6,Europe,Southern Europe,44.0,21.0
Serbia,2016,Female,0.87,Europe,Southern Europe,44.0,21.0
Seychelles,2016,Both sexes,0.17,Africa,Sub-Saharan Africa,-4.58,55.67
Seychelles,2016,Male,0.2,Africa,Sub-Saharan Africa,-4.58,55.67
Seychelles,2016,Female,0.14,Africa,Sub-Saharan Africa,-4.58,55.67
Sierra Leone,2016,Both sexes,81.29,Africa,Sub-Saharan Africa,8.5,-11.5
Sierra Leone,2016,Male,86.85,Africa,Sub-Saharan Africa,8.5,-11.5
Sierra Leone,2016,Female,75.85,Africa,Sub-Saharan Africa,8.5,-11.5
Singapore,2016,Both sexes,0.066,Asia,South-eastern Asia,1.37,103.8
Singapore,2016,Male,0.048,Asia,South-eastern Asia,1.37,103.8
Singapore,2016,Female,0.084,Asia,South-eastern Asia,1.37,103.8
Slovakia,2016,Both sexes,0.045,Europe,Eastern Europe,48.67,19.5
Slovakia,2016,Male,0.036,Europe,Eastern Europe,48.67,19.5
Slovakia,2016,Female,0.053,Europe,Eastern Europe,48.67,19.5
Slovenia,2016,Both sexes,0.021,Europe,Southern Europe,46.0,15.0
Slovenia,2016,Male,0.014,Europe,Southern Europe,46.0,15.0
Slovenia,2016,Female,0.028,Europe,Southern Europe,46.0,15.0
Solomon Islands,2016,Both sexes,6.18,Oceania,Melanesia,-8.0,159.0
Solomon Islands,2016,Male,6.84,Oceania,Melanesia,-8.0,159.0
Solomon Islands,2016,Female,5.49,Oceania,Melanesia,-8.0,159.0
Somalia,2016,Both sexes,86.58,Africa,Sub-Saharan Africa,10.0,49.0
Somalia,2016,Male,83.41,Africa,Sub-Saharan Africa,10.0,49.0
Somalia,2016,Female,89.72,Africa,Sub-Saharan Africa,10.0,49.0
South Africa,2016,Both sexes,13.67,Africa,Sub-Saharan Africa,-29.0,24.0
South Africa,2016,Male,13.9,Africa,Sub-Saharan Africa,-29.0,24.0
South Africa,2016,Female,13.44,Africa,Sub-Saharan Africa,-29.0,24.0
Spain,2016,Both sexes,0.15,Europe,Southern Europe,40.0,-4.0
Spain,2016,Male,0.11,Europe,Southern Europe,40.0,-4.0
Spain,2016,Female,0.19,Europe,Southern Europe,40.0,-4.0
Sri Lanka,2016,Both sexes,1.19,Asia,Southern Asia,7.0,81.0
Sri Lanka,2016,Male,1.18,Asia,Southern Asia,7.0,81.0
Sri Lanka,2016,Female,1.2,Asia,Southern Asia,7.0,81.0
Sudan,2016,Both sexes,17.32,Africa,Northern Africa,15.0,30.0
Sudan,2016,Male,16.33,Africa,Northern Africa,15.0,30.0
Sudan,2016,Female,18.32,Africa,Northern Africa,15.0,30.0
Suriname,2016,Both sexes,2.01,Americas,Latin America and the Caribbean,4.0,-56.0
Suriname,2016,Male,2.06,Americas,Latin America and the Caribbean,4.0,-56.0
Suriname,2016,Female,1.96,Americas,Latin America and the Caribbean,4.0,-56.0
Sweden,2016,Both sexes,0.22,Europe,Northern Europe,62.0,15.0
Sweden,2016,Male,0.16,Europe,Northern Europe,62.0,15.0
Sweden,2016,Female,0.27,Europe,Northern Europe,62.0,15.0
Switzerland,2016,Both sexes,0.14,Europe,Western Europe,47.0,8.0
Switzerland,2016,Male,0.11,Europe,Western Europe,47.0,8.0
Switzerland,2016,Female,0.17,Europe,Western Europe,47.0,8.0
Tajikistan,2016,Both sexes,2.7,Asia,Central Asia,39.0,71.0
Tajikistan,2016,Male,3.0,Asia,Central Asia,39.0,71.0
Tajikistan,2016,Female,2.39,Asia,Central Asia,39.0,71.0
Thailand,2016,Both sexes,3.51,Asia,South-eastern Asia,15.0,100.0
Thailand,2016,Male,3.66,Asia,South-eastern Asia,15.0,100.0
Thailand,2016,Female,3.36,Asia,South-eastern Asia,15.0,100.0
Togo,2016,Both sexes,41.63,Africa,Sub-Saharan Africa,8.0,1.17
Togo,2016,Male,42.14,Africa,Sub-Saharan Africa,8.0,1.17
Togo,2016,Female,41.13,Africa,Sub-Saharan Africa,8.0,1.17
Tonga,2016,Both sexes,1.43,Oceania,Polynesia,-20.0,-175.0
Tonga,2016,Male,0.83,Oceania,Polynesia,-20.0,-175.0
Tonga,2016,Female,2.03,Oceania,Polynesia,-20.0,-175.0
Trinidad and Tobago,2016,Both sexes,0.14,Americas,Latin America and the Caribbean,11.0,-61.0
Trinidad and Tobago,2016,Male,0.16,Americas,Latin America and the Caribbean,11.0,-61.0
Trinidad and Tobago,2016,Female,0.13,Americas,Latin America and the Caribbean,11.0,-61.0
Tunisia,2016,Both sexes,1.02,Africa,Northern Africa,34.0,9.0
Tunisia,2016,Male,0.81,Africa,Northern Africa,34.0,9.0
Tunisia,2016,Female,1.21,Africa,Northern Africa,34.0,9.0
Turkey,2016,Both sexes,0.3,Asia,Western Asia,39.0,35.0
Turkey,2016,Male,0.27,Asia,Western Asia,39.0,35.0
Turkey,2016,Female,0.32,Asia,Western Asia,39.0,35.0
Turkmenistan,2016,Both sexes,3.98,Asia,Central Asia,40.0,60.0
Turkmenistan,2016,Male,4.49,Asia,Central Asia,40.0,60.0
Turkmenistan,2016,Female,3.48,Asia,Central Asia,40.0,60.0
Uganda,2016,Both sexes,31.56,Africa,Sub-Saharan Africa,1.0,32.0
Uganda,2016,Male,32.74,Africa,Sub-Saharan Africa,1.0,32.0
Uganda,2016,Female,30.39,Africa,Sub-Saharan Africa,1.0,32.0
Ukraine,2016,Both sexes,0.27,Europe,Eastern Europe,49.0,32.0
Ukraine,2016,Male,0.31,Europe,Eastern Europe,49.0,32.0
Ukraine,2016,Female,0.23,Europe,Eastern Europe,49.0,32.0
United Arab Emirates,2016,Both sexes,0.029,Asia,Western Asia,24.0,54.0
United Arab Emirates,2016,Male,0.025,Asia,Western Asia,24.0,54.0
United Arab Emirates,2016,Female,0.041,Asia,Western Asia,24.0,54.0
Uruguay,2016,Both sexes,0.36,Americas,Latin America and the Caribbean,-33.0,-56.0
Uruguay,2016,Male,0.29,Americas,Latin America and the Caribbean,-33.0,-56.0
Uruguay,2016,Female,0.43,Americas,Latin America and the Caribbean,-33.0,-56.0
Uzbekistan,2016,Both sexes,0.44,Asia,Central Asia,41.0,64.0
Uzbekistan,2016,Male,0.51,Asia,Central Asia,41.0,64.0
Uzbekistan,2016,Female,0.37,Asia,Central Asia,41.0,64.0
Vanuatu,2016,Both sexes,10.42,Oceania,Melanesia,-16.0,167.0
Vanuatu,2016,Male,12.2,Oceania,Melanesia,-16.0,167.0
Vanuatu,2016,Female,8.59,Oceania,Melanesia,-16.0,167.0
Yemen,2016,Both sexes,10.2,Asia,Western Asia,15.0,48.0
Yemen,2016,Male,8.67,Asia,Western Asia,15.0,48.0
Yemen,2016,Female,11.77,Asia,Western Asia,15.0,48.0
Zambia,2016,Both sexes,34.91,Africa,Sub-Saharan Africa,-15.0,30.0
Zambia,2016,Male,36.62,Africa,Sub-Saharan Africa,-15.0,30.0
Zambia,2016,Female,33.23,Africa,Sub-Saharan Africa,-15.0,30.0
Zimbabwe,2016,Both sexes,24.55,Africa,Sub-Saharan Africa,-20.0,30.0
Zimbabwe,2016,Male,27.07,Africa,Sub-Saharan Africa,-20.0,30.0
Zimbabwe,2016,Female,22.16,Africa,Sub-Saharan Africa,-20.0,30.0
